# Findings baseline for `make ratchet`: what fuzz, truncate and shortreport
# measured against one tree. A count may fall but never rise. Written by
# `make baseline`, not by hand.
#
# tree: mglushko/deskhop-extended at 98b5dc7
# fuzz: N=40000 SEED=1
check	entry	tried	failed
fuzz	descriptors going out of bounds	40000	0
fuzz	out-of-bounds accesses	40000	0
truncate	gameball_trackball	77	39
truncate	gameball_gesture	350	184
truncate	gameball_keyboard	38	19
truncate	boot_mouse	54	27
truncate	hires_mouse	75	38
truncate	boot_keyboard	45	22
truncate	nkro_keyboard	41	20
truncate	consumer	36	18
truncate	system	29	14
truncate	sleepwake_emu	24	12
truncate	composite	127	62
truncate	wooting_keyboard	90	45
truncate	cherry_kc6000_consumer	59	30
truncate	ms600_keyboard	65	33
truncate	ms600_consumer	106	58
truncate	kensington_expert_mouse	136	69
truncate	kensington_vendor	54	28
truncate	keyboardio_keyboard	55	27
truncate	keyboardio_media	106	53
truncate	cherry_mw8_mouse	194	100
truncate	cherry_mw8c_mouse	115	58
truncate	cherry_mw8c_consumer	85	43
truncate	superlight2_mouse	83	43
truncate	superlight2_rx_keyboard	123	61
truncate	deskhop_keyboard	52	26
truncate	deskhop_mouse	86	44
truncate	mx518_mouse	77	39
truncate	kernel_multi_collection	264	133
truncate	rpi_keyboard	65	33
truncate	pixart_mouse	52	25
truncate	bolt_rx_keyboard	59	30
truncate	bolt_rx_iface1	158	79
truncate	bolt_rx_consumer	25	13
truncate	bolt_rx_system	39	19
truncate	bolt_rx_hidpp	54	28
truncate	bolt_rx_touchpad	429	224
truncate	ultralink_mouse	81	41
truncate	ultralink_iface1	127	64
truncate	ultralink_keyboard	60	30
truncate	ultralink_nkro_keyboard	42	21
truncate	ultralink_qmk_raw	34	18
truncate	ultralink_vendor_8c	37	19
truncate	ultralink_vendor_c1	47	24
truncate	many_usages	17	9
truncate	vendor_then_mouse	68	33
truncate	system_no_report_id	27	13
truncate	kbd_with_bit_field	49	24
truncate	bitdo_retro_iface2	245	122
truncate	sculpt_rx_keyboard	57	30
truncate	sculpt_rx_mouse	223	115
truncate	sculpt_rx_consumer	296	168
truncate	apple_a2520_iface0	83	44
truncate	apple_a2520_iface1	207	105
truncate	apple_a2520_touchid	49	27
truncate	g502_mouse	67	34
truncate	g502_iface1	151	77
truncate	unifying_rx_keyboard	59	30
truncate	unifying_rx_iface1	148	75
truncate	unifying_rx_hidpp	98	51
truncate	qmk_keyboard	64	32
truncate	qmk_shared_endpoint	182	91
truncate	areson_trackball	272	138
truncate	ps2_converter_keyboard	64	32
truncate	ps2_converter_iface1	124	61
truncate	issue26_mouse	80	41
truncate	scimitar_iface0	172	87
truncate	scimitar_boot_mouse	58	28
truncate	corsair_ffc2_iface1	29	15
truncate	strafe_iface0	132	67
truncate	strafe_bios_keyboard	67	34
truncate	bolt_rx_v501_keyboard	67	33
truncate	bolt_rx_v501_iface1	133	67
truncate	apple_a1243_keyboard	75	38
truncate	blackdiamond75_keyboard	63	31
truncate	blackdiamond75_iface1	72	35
truncate	blackdiamond75_vendor	34	18
truncate	bitdo_retro_mouse	81	41
truncate	bitdo_retro_vendor	82	43
truncate	cherry_strait_consumer	52	26
truncate	issue71_qmk_keyboard	68	34
truncate	issue71_qmk_iface1	50	26
truncate	zmk_corne	77	39
truncate	roccat_kone_mouse	232	118
truncate	roccat_kone_keyboard	63	31
truncate	issue99_mouse	64	32
truncate	cherry_mw8_keyboard	65	33
truncate	cherry_mw8c_keyboard	65	33
truncate	fc660c_tmk_keyboard	64	32
truncate	fc660c_tmk_mouse	77	38
truncate	fc660c_tmk_consumer	54	30
truncate	fc660c_tmk_console	34	18
truncate	fc660c_tmk_nkro	57	28
truncate	unifying_rx_b_keyboard	59	30
truncate	unifying_rx_b_iface1	148	75
truncate	unifying_rx_b_hidpp	93	48
truncate	vial_qmk_iface2	129	65
truncate	adv360_pro	95	47
truncate	mighty_mouse	64	31
truncate	magic_trackpad_mouse	110	56
truncate	magic_trackpad_ff0d	36	20
truncate	magic_trackpad_ff03	27	15
truncate	keychron_dongle_vendor	167	88
truncate	keychron_dongle_keyboard	164	82
truncate	superlight2_wired_keyboard	125	63
truncate	keyboardio_mouse	58	29
truncate	kind: ASan heap-buffer-overflow, read	9947	5069
shortreport	mouse/gameball_trackball	110	0
shortreport	mouse/kensington_expert_mouse	72	0
shortreport	mouse/cherry_mw8c_mouse	72	0
shortreport	mouse/cherry_mw8_mouse	98	0
shortreport	mouse/mx518_mouse	91	0
shortreport	mouse/kernel_multi_collection	91	0
shortreport	mouse/bolt_rx_iface1	117	0
shortreport	mouse/ultralink_mouse	64	0
shortreport	mouse/bolt_rx_touchpad	8	0
shortreport	mouse/boot_mouse/boot	20	0
shortreport	mouse/sculpt_rx_mouse	130	0
shortreport	mouse/g502_mouse	112	0
shortreport	mouse/unifying_rx_iface1	136	0
shortreport	mouse/unifying_rx_b_iface1	136	0
shortreport	mouse/areson_trackball	64	0
shortreport	mouse/roccat_kone_mouse	64	0
shortreport	mouse/bitdo_retro_mouse	64	0
shortreport	mouse/ps2_converter_iface1	60	0
shortreport	mouse/issue26_mouse	77	0
shortreport	mouse/scimitar_boot_mouse	49	0
shortreport	mouse/bolt_rx_v501_iface1	117	0
shortreport	mouse/issue99_mouse	55	0
shortreport	mouse/fc660c_tmk_mouse	110	0
shortreport	mouse/vial_qmk_iface2	49	0
shortreport	mouse/qmk_shared_endpoint	48	0
shortreport	mouse/mighty_mouse	60	0
shortreport	mouse/magic_trackpad_mouse	56	0
shortreport	mouse/keyboardio_mouse	54	0
shortreport	kbd/boot_keyboard	5	0
shortreport	kbd/rpi_keyboard	4	0
shortreport	kbd/boot_keyboard/boot	1	0
shortreport	kbd/composite	3	0
shortreport	kbd/nkro_keyboard	100	0
shortreport	kbd/keyboardio_keyboard	116	0
shortreport	kbd/superlight2_rx_keyboard	30	0
shortreport	kbd/wooting_keyboard	105	0
shortreport	kbd/bolt_rx_keyboard	4	0
shortreport	kbd/ultralink_keyboard	3	0
shortreport	kbd/ultralink_iface1	45	0
shortreport	kbd/ultralink_nkro_keyboard	42	0
shortreport	kbd/bitdo_retro_iface2	36	0
shortreport	kbd/bitdo_retro_iface2/boot	22	0
shortreport	kbd/kbd_with_bit_field	10	0
shortreport	kbd/sculpt_rx_keyboard	3	0
shortreport	kbd/apple_a2520_iface1	12	0
shortreport	kbd/unifying_rx_keyboard	5	0
shortreport	kbd/unifying_rx_b_keyboard	5	0
shortreport	kbd/qmk_keyboard	5	0
shortreport	kbd/ps2_converter_keyboard	5	0
shortreport	kbd/cherry_mw8_keyboard	5	0
shortreport	kbd/cherry_mw8c_keyboard	5	0
shortreport	kbd/fc660c_tmk_keyboard	5	0
shortreport	kbd/issue71_qmk_keyboard	5	0
shortreport	kbd/roccat_kone_keyboard	5	0
shortreport	kbd/g502_iface1	8	0
shortreport	kbd/zmk_corne	8	0
shortreport	kbd/superlight2_wired_keyboard	8	0
shortreport	kbd/strafe_bios_keyboard	6	0
shortreport	kbd/strafe_iface0	71	0
shortreport	kbd/scimitar_iface0	56	0
shortreport	kbd/bolt_rx_v501_keyboard	45	0
shortreport	kbd/apple_a1243_keyboard	5	0
shortreport	kbd/blackdiamond75_keyboard	92	0
shortreport	kbd/fc660c_tmk_nkro	75	0
shortreport	kbd/adv360_pro	60	0
shortreport	kbd/qmk_shared_endpoint	100	0
shortreport	kbd/keychron_dongle_keyboard	48	0
shortreport	kbd/areson_trackball	3	0
